Codon,Count,Count
AAA,541,303
ACA,436,249
AGA,211,277
ATA,225,116
AAC,245,212
ACC,101,150
AGC,52,141
ATC,133,112
AAG,297,110
ACG,48,60
AGG,67,123
ATG,312,117
AAT,520,260
ACT,478,220
AGT,234,197
ATT,370,208
CAA,351,233
CCA,220,115
CGA,24,31
CTA,147,110
CAC,80,160
CCC,40,42
CGC,46,40
CTC,131,78
CAG,165,92
CCG,21,28
CGG,14,33
CTG,65,80
CAT,184,172
CCT,277,107
CGT,119,54
CTT,400,208
GAA,495,186
GCA,263,116
GGA,163,112
GTA,255,121
GAC,262,123
GCC,142,68
GGC,145,84
GTC,153,101
GAG,186,84
GCG,38,22
GGG,23,49
GTG,169,93
GAT,460,167
GCT,524,169
GGT,509,149
GTT,575,233
TAA,10,342
TCA,266,173
TGA,1,304
TTA,370,232
TAC,257,227
TCC,72,75
TGC,92,268
TTC,201,210
TAG,1,128
TCG,17,34
TGG,157,263
TTG,252,178
TAT,386,278
TCT,314,190
TGT,342,367
TTT,507,383
